Type,Number,R_1,R_2,R_3,canonical_smiles,Gbinding
Pyrazole,1.0,CF_3,CH_2CH_3,H,c1cc(ccc1S(=O)(=O)N)n1nc(c(c1)/N=N/c1ccc(cc1)CC)C(F)(F)F,-4.3505
Pyrazole,2.0,CF_3,CH_2CH_3,F,c1cc(ccc1S(=O)(=O)N)n1nc(c(c1)/N=N/c1ccc(c(c1)F)CC)C(F)(F)F,-3.619
Pyrazole,3.0,CF_3,CH_3,F,c1cc(ccc1S(=O)(=O)N)n1nc(c(c1)/N=N/c1ccc(c(c1)F)C)C(F)(F)F,-0.5452
Pyrazole,4.0,CF_3,OCH_3,H,c1cc(ccc1S(=O)(=O)N)n1nc(c(c1)/N=N/c1ccc(cc1)OC)C(F)(F)F,9.9793
Pyrazole,5.0,CF_3,OCH_3,F,c1cc(ccc1S(=O)(=O)N)n1nc(c(c1)/N=N/c1ccc(c(c1)F)OC)C(F)(F)F,1.5591
Pyrazole,6.0,CF_3,CH_3,H,c1cc(ccc1S(=O)(=O)N)n1nc(c(c1)/N=N/c1ccc(cc1)C)C(F)(F)F,-5.3292
Pyrazole,7.0,H,CH_3,H,c1cc(ccc1S(=O)(=O)N)n1ncc(c1)/N=N/c1ccc(cc1)C,16.4526
Pyrazole,8.0,F,CH_3,H,c1cc(ccc1S(=O)(=O)N)n1nc(c(c1)/N=N/c1ccc(cc1)C)F,5.0694
Pyrazole,9.0,Cl,CH_3,H,c1cc(ccc1S(=O)(=O)N)n1nc(c(c1)/N=N/c1ccc(cc1)C)Cl,-1.1579
Pyrazole,10.0,Br,CH_3,H,c1cc(ccc1S(=O)(=O)N)n1nc(c(c1)/N=N/c1ccc(cc1)C)Br,6.3225
Pyrazole,11.0,CH_3,CH_3,H,c1cc(ccc1S(=O)(=O)N)n1nc(c(c1)/N=N/c1ccc(cc1)C)C,3.0677
Pyrazole,12.0,H,CH_3,F,c1cc(ccc1S(=O)(=O)N)n1ncc(c1)/N=N/c1ccc(c(c1)F)C,1.0334
Pyrazole,13.0,F,CH_3,F,c1cc(ccc1S(=O)(=O)N)n1nc(c(c1)/N=N/c1ccc(c(c1)F)C)F,3.2216
Pyrazole,14.0,Cl,CH_3,F,c1cc(ccc1S(=O)(=O)N)n1nc(c(c1)/N=N/c1ccc(c(c1)F)C)Cl,5.1623
Pyrazole,15.0,Br,CH_3,F,c1cc(ccc1S(=O)(=O)N)n1nc(c(c1)/N=N/c1ccc(c(c1)F)C)Br,5.6163
Pyrazole,16.0,CH_3,CH_3,F,c1cc(ccc1S(=O)(=O)N)n1nc(c(c1)/N=N/c1ccc(c(c1)F)C)C,-3.3079
Pyridine,,,,,c1cc(ccc1S(=O)(=O)N)n1nc(c(c1)/N=N/c1cnc(cc1)CC)C(F)(F)F,25.4485
SO2CH3Group,,,,,c1cc(ccc1S(=O)(=O)C)n1nc(c(c1)/N=N/c1cnc(cc1)C)C(F)(F)F,
Furan,1.0,CF_3,H,,c1cc(ccc1S(=O)(=O)N)c1cc(/N=N/c2cccc(c2)C)c(C(F)(F)F)o1,-0.9611
Furan,2.0,H,H,,c1cc(ccc1S(=O)(=O)N)c1occ(c1)/N=N/c1cccc(c1)C,0.193
Furan,3.0,F,H,,c1cc(ccc1S(=O)(=O)N)c1oc(c(c1)/N=N/c1cccc(c1)C)F,-4.8383
Furan,4.0,Cl,H,,c1cc(ccc1S(=O)(=O)N)c1oc(c(c1)/N=N/c1cccc(c1)C)Cl,-2.4267
Furan,5.0,Br,H,,c1cc(ccc1S(=O)(=O)N)c1oc(c(c1)/N=N/c1cccc(c1)C)Br,-3.4217
Furan,6.0,CH_3,H,,c1cc(ccc1S(=O)(=O)N)c1oc(c(c1)/N=N/c1cccc(c1)C)C,-3.9711
Furan,7.0,CF_3,F,,c1cc(ccc1S(=O)(=O)N)c1oc(c(c1)/N=N/c1ccc(c(c1)C)F)C(F)(F)F,-5.4022
Furan,8.0,H,F,,c1cc(ccc1S(=O)(=O)N)c1occ(c1)/N=N/c1ccc(c(c1)C)F,-6.55
Furan,9.0,F,F,,c1cc(ccc1S(=O)(=O)N)c1oc(c(c1)/N=N/c1ccc(c(c1)C)F)F,-0.1311
Furan,10.0,Cl,F,,c1cc(ccc1S(=O)(=O)N)c1oc(c(c1)/N=N/c1ccc(c(c1)C)F)Cl,-5.8185
Furan,11.0,Br,F,,c1cc(ccc1S(=O)(=O)N)c1oc(c(c1)/N=N/c1ccc(c(c1)C)F)Br,6.1474
Furan,12.0,CH_3,F,,c1cc(ccc1S(=O)(=O)N)c1oc(c(c1)/N=N/c1ccc(c(c1)C)F)C,5.7552
Thiophene,1.0,F,H,,c1cc(ccc1S(=O)(=O)N)c1sc(c(c1)/N=N/c1cccc(c1)C)F,1.2724
Thiophene,2.0,H,F,,c1cc(ccc1S(=O)(=O)N)c1scc(c1)/N=N/c1ccc(c(c1)C)F,-2.7842
Thiophene,3.0,Cl,F,,c1cc(ccc1S(=O)(=O)N)c1sc(c(c1)/N=N/c1ccc(c(c1)C)F)Cl,-5.7964
Pyrrole,1.0,CF_3,CH_3,H,c1cc(ccc1S(=O)(=O)N)c1[nH]c(c(c1)/N=N/c1ccc(cc1)C)C(F)(F)F,-3.5279
Pyrrole,2.0,Cl,CH_3,F,c1cc(ccc1S(=O)(=O)N)c1[nH]c(c(c1)/N=N/c1cc(c(cc1)C)F)Cl,-1.3499
Benzene,1.0,CF_3,CH_2CH_3,,c1cc(ccc1S(=O)(=O)N)c1ccc(/N=N/c2ccc(cc2)CC)c(C(F)(F)F)c1,-1.339
Benzene,2.0,CF_3,NCH_3COCH_3,,c1cc(ccc1S(=O)(=O)N)c1ccc(/N=N/c2ccc(cc2)N(C)C(=O)C)c(C(F)(F)F)c1,-1.9922
Benzene,3.0,CF_3,NHCH_3,,c1cc(ccc1S(=O)(=O)N)c1ccc(/N=N/c2ccc(cc2)NC)c(C(F)(F)F)c1,4.8759
Benzene,4.0,CF_3,OCH_3,,c1cc(ccc1S(=O)(=O)N)c1ccc(/N=N/c2ccc(cc2)OC)c(C(F)(F)F)c1,-3.4432
Benzene,5.0,Cl,CH_3,,c1cc(ccc1S(=O)(=O)N)c1cc(c(cc1)/N=N/c1ccc(C)cc1)Cl,
Indole,1.0,H,,,c1cc(ccc1S(=O)(=O)N)c1[nH]c2c(c1)c(/N=N/c1ccccc1)c(C)cc2,-9.7543
Indole,2.0,F,,,c1cc(ccc1S(=O)(=O)N)c1[nH]c2c(c1)c(/N=N/c1ccccc1)c(C)cc2,-6.3397
Indole,3.0,,,,c1cc(ccc1S(=O)(=O)N)/N=N/c1[nH]c2c(c1)c(c1ccc(C)cc1)c(C)cc2,-5.532
TwoRings,1.0,NH,NH,H,c1cc(ccc1S(=O)(=O)N)/N=N/c1[nH]c2c(c1)c(c1ccccc1)c([nH]2)C,
TwoRings,2.0,NH,O,H,c1cc(ccc1S(=O)(=O)N)/N=N/c1[nH]c2c(c1)c(c1ccccc1)c(o2)C,-2.2146
TwoRings,3.0,O,NH,H,c1cc(ccc1S(=O)(=O)N)/N=N/c1oc2c(c1)c(c1ccccc1)c([nH]2)C,-0.7334
TwoRings,4.0,O,O,H,c1cc(ccc1S(=O)(=O)N)/N=N/c1oc2c(c1)c(c1ccccc1)c(o2)C,
TwoRings,5.0,NH,NH,CH_3,c1cc(ccc1S(=O)(=O)N)/N=N/c1[nH]c2c(c1)c(c1ccc(cc1)C)c([nH]2)C,
TwoRings,6.0,NH,O,CH_3,c1cc(ccc1S(=O)(=O)N)/N=N/c1[nH]c2c(c1)c(c1ccc(cc1)C)c(o2)C,5.5592
TwoRings,7.0,O,NH,CH_3,c1cc(ccc1S(=O)(=O)N)/N=N/c1oc2c(c1)c(c1ccc(cc1)C)c([nH]2)C,-10.6712
TwoRings,8.0,O,O,CH_3,c1cc(ccc1S(=O)(=O)N)/N=N/c1oc2c(c1)c(c1ccc(cc1)C)c(o2)C,-3.5413
