Type,Number,R_1,R_2,R_3,canonical_smiles,Gbinding,Predictions
Pyrazole,1,CF_3,CH_2CH_3,H,c1cc(ccc1S(=O)(=O)N)n1nc(c(c1)/N=N/c1ccc(cc1)CC)C(F)(F)F,-4.3505,130.606508
Pyrazole,2,CF_3,CH_2CH_3,F,c1cc(ccc1S(=O)(=O)N)n1nc(c(c1)/N=N/c1ccc(c(c1)F)CC)C(F)(F)F,-3.619,147.312296
Pyrazole,3,CF_3,CH_3,F,c1cc(ccc1S(=O)(=O)N)n1nc(c(c1)/N=N/c1ccc(c(c1)F)C)C(F)(F)F,-0.5452,149.9834427
Pyrazole,4,CF_3,OCH_3,H,c1cc(ccc1S(=O)(=O)N)n1nc(c(c1)/N=N/c1ccc(cc1)OC)C(F)(F)F,9.9793,171.9403
Pyrazole,5,CF_3,OCH_3,F,c1cc(ccc1S(=O)(=O)N)n1nc(c(c1)/N=N/c1ccc(c(c1)F)OC)C(F)(F)F,1.5591,204.834852
Pyrazole,6,CF_3,CH_3,H,c1cc(ccc1S(=O)(=O)N)n1nc(c(c1)/N=N/c1ccc(cc1)C)C(F)(F)F,-5.3292,145.170036
Pyrazole,7,H,CH_3,H,c1cc(ccc1S(=O)(=O)N)n1ncc(c1)/N=N/c1ccc(cc1)C,16.4526,134.199172
Pyrazole,8,F,CH_3,H,c1cc(ccc1S(=O)(=O)N)n1nc(c(c1)/N=N/c1ccc(cc1)C)F,5.0694,133.9094
Pyrazole,9,Cl,CH_3,H,c1cc(ccc1S(=O)(=O)N)n1nc(c(c1)/N=N/c1ccc(cc1)C)Cl,-1.1579,117.6323822
Pyrazole,10,Br,CH_3,H,c1cc(ccc1S(=O)(=O)N)n1nc(c(c1)/N=N/c1ccc(cc1)C)Br,6.3225,122.5999422
Pyrazole,11,CH_3,CH_3,H,c1cc(ccc1S(=O)(=O)N)n1nc(c(c1)/N=N/c1ccc(cc1)C)C,3.0677,121.909488
Pyrazole,12,H,CH_3,F,c1cc(ccc1S(=O)(=O)N)n1ncc(c1)/N=N/c1ccc(c(c1)F)C,1.0334,124.21648
Pyrazole,13,F,CH_3,F,c1cc(ccc1S(=O)(=O)N)n1nc(c(c1)/N=N/c1ccc(c(c1)F)C)F,3.2216,130.53952
Pyrazole,14,Cl,CH_3,F,c1cc(ccc1S(=O)(=O)N)n1nc(c(c1)/N=N/c1ccc(c(c1)F)C)Cl,5.1623,112.60304
Pyrazole,15,Br,CH_3,F,c1cc(ccc1S(=O)(=O)N)n1nc(c(c1)/N=N/c1ccc(c(c1)F)C)Br,5.6163,112.01684
Pyrazole,16,CH_3,CH_3,F,c1cc(ccc1S(=O)(=O)N)n1nc(c(c1)/N=N/c1ccc(c(c1)F)C)C,-3.3079,115.345136
Pyridine,,,,,c1cc(ccc1S(=O)(=O)N)n1nc(c(c1)/N=N/c1cnc(cc1)CC)C(F)(F)F,25.4485,206.0442973
SO2CH3Group,,,,,c1cc(ccc1S(=O)(=O)C)n1nc(c(c1)/N=N/c1cnc(cc1)C)C(F)(F)F,,199.9464573
Furan,1,CF_3,H,,c1cc(ccc1S(=O)(=O)N)c1cc(/N=N/c2cccc(c2)C)c(C(F)(F)F)o1,-0.9611,112.844656
Furan,2,H,H,,c1cc(ccc1S(=O)(=O)N)c1occ(c1)/N=N/c1cccc(c1)C,0.193,128.26068
Furan,3,F,H,,c1cc(ccc1S(=O)(=O)N)c1oc(c(c1)/N=N/c1cccc(c1)C)F,-4.8383,114.3121413
Furan,4,Cl,H,,c1cc(ccc1S(=O)(=O)N)c1oc(c(c1)/N=N/c1cccc(c1)C)Cl,-2.4267,116.9145587
Furan,5,Br,H,,c1cc(ccc1S(=O)(=O)N)c1oc(c(c1)/N=N/c1cccc(c1)C)Br,-3.4217,108.1182467
Furan,6,CH_3,H,,c1cc(ccc1S(=O)(=O)N)c1oc(c(c1)/N=N/c1cccc(c1)C)C,-3.9711,109.3373827
Furan,7,CF_3,F,,c1cc(ccc1S(=O)(=O)N)c1oc(c(c1)/N=N/c1ccc(c(c1)C)F)C(F)(F)F,-5.4022,159.22724
Furan,8,H,F,,c1cc(ccc1S(=O)(=O)N)c1occ(c1)/N=N/c1ccc(c(c1)C)F,-6.55,126.63186
Furan,9,F,F,,c1cc(ccc1S(=O)(=O)N)c1oc(c(c1)/N=N/c1ccc(c(c1)C)F)F,-0.1311,133.744884
Furan,10,Cl,F,,c1cc(ccc1S(=O)(=O)N)c1oc(c(c1)/N=N/c1ccc(c(c1)C)F)Cl,-5.8185,122.145052
Furan,11,Br,F,,c1cc(ccc1S(=O)(=O)N)c1oc(c(c1)/N=N/c1ccc(c(c1)C)F)Br,6.1474,111.988848
Furan,12,CH_3,F,,c1cc(ccc1S(=O)(=O)N)c1oc(c(c1)/N=N/c1ccc(c(c1)C)F)C,5.7552,112.125712
Thiophene,1,F,H,,c1cc(ccc1S(=O)(=O)N)c1sc(c(c1)/N=N/c1cccc(c1)C)F,1.2724,110.946576
Thiophene,2,H,F,,c1cc(ccc1S(=O)(=O)N)c1scc(c1)/N=N/c1ccc(c(c1)C)F,-2.7842,111.642192
Thiophene,3,Cl,F,,c1cc(ccc1S(=O)(=O)N)c1sc(c(c1)/N=N/c1ccc(c(c1)C)F)Cl,-5.7964,105.300748
Pyrrole,1,CF_3,CH_3,H,c1cc(ccc1S(=O)(=O)N)c1[nH]c(c(c1)/N=N/c1ccc(cc1)C)C(F)(F)F,-3.5279,124.891712
Pyrrole,2,Cl,CH_3,F,c1cc(ccc1S(=O)(=O)N)c1[nH]c(c(c1)/N=N/c1cc(c(cc1)C)F)Cl,-1.3499,105.675248
Benzene,1,CF_3,CH_2CH_3,,c1cc(ccc1S(=O)(=O)N)c1ccc(/N=N/c2ccc(cc2)CC)c(C(F)(F)F)c1,-1.339,115.332036
Benzene,2,CF_3,NCH_3COCH_3,,c1cc(ccc1S(=O)(=O)N)c1ccc(/N=N/c2ccc(cc2)N(C)C(=O)C)c(C(F)(F)F)c1,-1.9922,217.7000533
Benzene,3,CF_3,NHCH_3,,c1cc(ccc1S(=O)(=O)N)c1ccc(/N=N/c2ccc(cc2)NC)c(C(F)(F)F)c1,4.8759,121.570308
Benzene,4,CF_3,OCH_3,,c1cc(ccc1S(=O)(=O)N)c1ccc(/N=N/c2ccc(cc2)OC)c(C(F)(F)F)c1,-3.4432,131.833016
Benzene,5,Cl,CH_3,,c1cc(ccc1S(=O)(=O)N)c1cc(c(cc1)/N=N/c1ccc(C)cc1)Cl,,86.6407
Indole,1,H,,,c1cc(ccc1S(=O)(=O)N)c1[nH]c2c(c1)c(/N=N/c1ccccc1)c(C)cc2,-9.7543,92.080132
Indole,1,H,,,c1cc(ccc1S(=O)(=O)N)c1[nH]c2c(c1)c(/N=N/c1ccccc1)c(C)cc2,-9.7543,92.080132
Indole,2,F,,,c1cc(ccc1S(=O)(=O)N)c1[nH]c2c(c1)c(/N=N/c1ccccc1)c(C)cc2,-6.3397,92.080132
Indole,2,F,,,c1cc(ccc1S(=O)(=O)N)c1[nH]c2c(c1)c(/N=N/c1ccccc1)c(C)cc2,-6.3397,92.080132
Indole,3,,,,c1cc(ccc1S(=O)(=O)N)/N=N/c1[nH]c2c(c1)c(c1ccc(C)cc1)c(C)cc2,-5.532,79.863452
TwoRings,1,NH,NH,H,c1cc(ccc1S(=O)(=O)N)/N=N/c1[nH]c2c(c1)c(c1ccccc1)c([nH]2)C,,130.365632
TwoRings,2,NH,O,H,c1cc(ccc1S(=O)(=O)N)/N=N/c1[nH]c2c(c1)c(c1ccccc1)c(o2)C,-2.2146,127.635232
TwoRings,3,O,NH,H,c1cc(ccc1S(=O)(=O)N)/N=N/c1oc2c(c1)c(c1ccccc1)c([nH]2)C,-0.7334,123.389008
TwoRings,4,O,O,H,c1cc(ccc1S(=O)(=O)N)/N=N/c1oc2c(c1)c(c1ccccc1)c(o2)C,,115.117696
TwoRings,5,NH,NH,CH_3,c1cc(ccc1S(=O)(=O)N)/N=N/c1[nH]c2c(c1)c(c1ccc(cc1)C)c([nH]2)C,,125.990276
TwoRings,6,NH,O,CH_3,c1cc(ccc1S(=O)(=O)N)/N=N/c1[nH]c2c(c1)c(c1ccc(cc1)C)c(o2)C,5.5592,111.548456
TwoRings,7,O,NH,CH_3,c1cc(ccc1S(=O)(=O)N)/N=N/c1oc2c(c1)c(c1ccc(cc1)C)c([nH]2)C,-10.6712,118.203176
TwoRings,8,O,O,CH_3,c1cc(ccc1S(=O)(=O)N)/N=N/c1oc2c(c1)c(c1ccc(cc1)C)c(o2)C,-3.5413,105.039828